{
  "iobinding": {
    "speedup": 0.611584245693337,
    "baseline_time": 6.671530252788215e-05,
    "optimized_time": 0.00010908603842835874,
    "memory_efficiency": 0.15
  },
  "speculative_generation": {
    "speedup": 1.010272984474133,
    "acceptance_rate": 0.02054596894826578,
    "avg_generation_time": 0.492214267590316,
    "tokens_per_second": 40.632710827160686
  },
  "kv_quantization": {
    "memory_saving": 0.75,
    "quantization_rate": 1.0,
    "original_memory_mb": 0.2431640625,
    "current_memory_mb": 0.060791015625,
    "quality_loss": 0.05
  },
  "gpu_npu_pipeline": {
    "throughput": 0.00833076494617888,
    "speedup": 0.0052067280913618,
    "total_time": 240.07399235496996,
    "completed_tasks": 2,
    "gpu_tasks": 2,
    "npu_tasks": 2
  },
  "combined": {
    "speedup": 0.0032170656799029675,
    "memory_saving": 0.9,
    "throughput": 0.00833076494617888
  }
}